Latitude,Longitude
37.38227426,-122.02482852
37.37910856,-122.03083428
37.37618783,-122.01695356
37.38456408,-122.02230929
37.38321,-122.03122
37.38696,-122.0298
37.37691287,-122.01854571
37.38321,-122.03122
37.38746346,-122.02662383
37.38266,-122.02073
37.38441,-122.03089
37.37740385,-122.01504767
37.38408238,-122.02855714
37.38503382,-122.02625101
37.38435,-122.019
37.38461249,-122.02394026
37.38696,-122.0298
37.38644333,-122.02738236
37.38491,-122.01875
37.38358476,-122.02049495
37.37948,-122.03203
37.38696,-122.0298
37.38416,-122.01793
37.38321,-122.03122
37.38554357,-122.02094703
37.38321,-122.03122
37.38696,-122.0298
37.37633998,-122.01689998
37.38696,-122.0298
37.37858547,-122.0161545
37.38253,-122.02925
37.38442,-122.03094
37.38256,-122.03155
37.38321,-122.03122
37.38086,-122.02959
37.38253,-122.02925
37.38503368,-122.02914085
37.38696,-122.0298
37.38696,-122.0298
37.38274193,-122.02256761
37.38321,-122.03122
37.38404714,-122.02250436
37.38433,-122.02067
37.38217224,-122.02595822
37.38696,-122.0298
37.3814545,-122.02888829
37.38253,-122.02925
37.3810468,-122.0223717
37.38321,-122.03122
37.37659,-122.01426
37.38544,-122.01977
37.38222733,-122.03216433
37.38696,-122.0298
37.38333713,-122.01993945
37.3860932,-122.02083484
37.38221297,-122.03208966
37.37639212,-122.01767214
37.3842,-122.01827
37.38696,-122.0298
37.38544,-122.01977
37.38587852,-122.02097279
37.38696,-122.0298
37.38457,-122.02005
37.3850738,-122.02785569
37.37772167,-122.01390238
37.38577071,-122.02842001
37.37854569,-122.01802215
37.38253,-122.02925
37.37906284,-122.01729858
37.38447,-122.03144
37.38567,-122.0209
37.38321,-122.03122
37.38159,-122.03186
37.38147019,-122.02893321
37.38162387,-122.02915673
37.38298048,-122.02330571
37.38696,-122.0298
37.37795142,-122.01876927
37.38397,-122.01834
37.38025666,-122.03154188
37.38641,-122.02871
37.38518,-122.03038
37.38696,-122.0298
37.38513,-122.02473
37.38696,-122.0298
37.38435,-122.019
37.38450714,-122.02802712
37.38414,-122.01978
37.38394452,-122.0209499
37.38327951,-122.022279
37.38413725,-122.02413714
37.37980625,-122.0294217
37.38049577,-122.03254238
37.38544,-122.01977
37.38641273,-122.02650277
37.38253,-122.02925
37.38513,-122.03139
37.38696,-122.0298
37.38592284,-122.02023138
37.38159,-122.03186
37.37736498,-122.01911143
37.38336287,-122.02273007
37.38518,-122.03038
37.38421215,-122.02924892
37.37929,-122.02729
37.3776,-122.0185
37.38696,-122.0298
37.38253,-122.02925
37.37962,-122.02883
37.38195,-122.03332
37.38696,-122.0298
37.38379,-122.02574
37.38518,-122.03038
37.38696,-122.0298
37.37967585,-122.03100887
37.38056,-122.02923
37.38439,-122.02461
37.38696,-122.0298
37.3846,-122.02058
37.38827,-122.03026
37.38544,-122.01977
37.38253,-122.02925
37.38321,-122.03122
37.37874605,-122.01901251
37.38253,-122.02925
37.38025997,-122.02679148
37.38529,-122.01923
37.38696,-122.0298
37.38163857,-122.02392618
37.38222446,-122.03225335
37.38696,-122.0298
37.38227,-122.033
37.38409,-122.01956
37.38253,-122.02925
37.38398,-122.01845
37.38321,-122.03122
37.38025402,-122.0266154
37.38654445,-122.02512132
37.37919355,-122.03024887
37.38671,-122.02223
37.38468,-122.03117
37.38312575,-122.02041866
37.38573239,-122.02604957
37.38227328,-122.03191162
37.38425,-122.01853
37.38402,-122.02604
37.38680663,-122.02422798
37.38147926,-122.0251128
37.38256,-122.03155
37.38518,-122.03038
37.38518,-122.03038
37.37986331,-122.03110878
37.38253,-122.02925
37.38408,-122.02143
37.38518,-122.03038
37.38351998,-122.02337281
37.38253,-122.02925
37.38256,-122.03155
37.38321,-122.03122
37.37794426,-122.01855716
37.37929,-122.02729
37.38253,-122.02925
37.38696,-122.0298
37.38696,-122.0298
37.38477,-122.02052
37.38321,-122.03122
37.38253,-122.02925
37.38600068,-122.02530905
37.38019,-122.0286
37.38840427,-122.02731714
37.38696,-122.0298
37.38362759,-122.0198485
37.38253,-122.02925
37.37962,-122.02883
37.37920429,-122.03077288
37.37957283,-122.02957833
37.38197,-122.0356
37.38537,-122.02033
37.38696,-122.0298
37.38544,-122.01977
37.38696,-122.0298
37.38789926,-122.02576571
37.38518,-122.03038
37.38253,-122.02925
37.38061713,-122.03258474
37.38504,-122.03084
37.38518,-122.03038
37.38696,-122.0298
37.38696,-122.0298
37.3844,-122.01922
37.38518,-122.03038
37.38506,-122.01764
37.38831,-122.02718569
37.38149,-122.02854
37.38256,-122.03155
37.38256,-122.03155
37.38127,-122.03035
37.38696,-122.0298
37.38506,-122.01764
37.38629405,-122.02105972
37.37871358,-122.01724928
37.38253,-122.02925
37.38253,-122.02925
37.38095,-122.03135
37.38092,-122.02911
37.38441,-122.02133
37.38088572,-122.02242873
37.38651856,-122.02500156
37.37792023,-122.01639473
37.3796233,-122.03237999
37.38614844,-122.02660419
37.38524,-122.0227
37.38518,-122.03038
37.37746,-122.01784
37.38369858,-122.01970571
37.384,-122.01912
37.38253,-122.02925
37.3853138,-122.026886
37.38182677,-122.02334751
37.38433,-122.02067
37.38696,-122.0298
37.38425,-122.02031
37.38449224,-122.03459558
37.38718168,-122.024688
37.38253,-122.02925
37.38696,-122.0298
37.38696,-122.0298
37.38321,-122.03122
37.38253,-122.02925
37.37991546,-122.0298981
37.38696,-122.0298
37.38253,-122.02925
37.38172439,-122.02205582
37.37728068,-122.01861929
37.38568045,-122.02151565
37.38321,-122.03122
37.38321,-122.03122
37.38381119,-122.02427402
37.38253,-122.02925
37.38696,-122.0298
37.38321,-122.03122
37.3787,-122.02891
37.38536,-122.02445
37.38767833,-122.02697818
37.38756571,-122.02787925
37.38449,-122.03096
37.38148,-122.03136
37.38696,-122.0298
37.38696,-122.0298
37.3846,-122.02058
37.38544,-122.01977
37.38696,-122.0298
37.37929,-122.02729
37.38253,-122.02925
37.38696,-122.0298
37.38253,-122.02925
37.37962,-122.02883
37.38253,-122.02925
37.38040146,-122.03186715
37.38652,-122.0218
37.38217,-122.03631
37.3781724,-122.01796666
37.38696,-122.0298
37.38253,-122.02925
37.38253,-122.02925
37.38253,-122.02925
37.38696,-122.0298
37.38253,-122.02925
37.38484476,-122.02218344
37.3851,-122.03102
37.37722784,-122.01846143
37.38628178,-122.02655895
37.38138,-122.03005
37.38560334,-122.02607624
37.38253,-122.02925
37.38696,-122.0298
37.38518,-122.03038
37.38696,-122.0298
37.38278357,-122.02255571
37.38197292,-122.0187542
37.38477,-122.02052
37.38169,-122.03238
37.3799648,-122.03189283
37.38721143,-122.02756573
37.38696,-122.0298
37.38345525,-122.01917626
37.38166728,-122.02217063
37.38380082,-122.02210495
37.38159,-122.03186
37.38786952,-122.02770858
37.38253,-122.02925
37.38177,-122.02862
37.38696,-122.0298
37.38583141,-122.02074864
37.38253,-122.02925
37.38321,-122.03122
37.38696,-122.0298
37.38587262,-122.02597458
37.38433,-122.02067
37.38696,-122.0298
37.38233,-122.01854
37.38403785,-122.02778429
37.38078105,-122.02387418
37.38253,-122.02925
37.38253,-122.02925
37.38696,-122.0298
37.38031483,-122.02025204
37.38518,-122.03038
37.38400333,-122.0251457
37.38253,-122.02925
37.38056,-122.02923
37.38321,-122.03122
37.38457,-122.02005
37.38518,-122.03038
37.38451141,-122.02916523
37.38567,-122.0209
37.38571713,-122.02806644
37.38696,-122.0298
37.38256,-122.03155
37.3877406,-122.02653442
37.38067355,-122.02285194
37.38244328,-122.01997143
37.38529,-122.01923
37.38253,-122.02925
37.38367748,-122.02206643
37.38387,-122.01794
37.38498,-122.02747
37.38170713,-122.0254786
37.38696,-122.0298
37.38273301,-122.02230914
37.38518,-122.03038
37.38787465,-122.02648502
37.38177,-122.02862
37.38169,-122.03238
37.38081,-122.03068
37.38104139,-122.0268757
37.38671071,-122.02730426
37.37733284,-122.01895571
37.38518,-122.03038
37.38256,-122.03155
37.3848519,-122.02229527
37.38754357,-122.02701093
37.38518,-122.03038
37.38253,-122.02925
37.37803716,-122.01729428
37.38253,-122.02925
37.38547237,-122.02770379
37.37723643,-122.01661068
37.38321,-122.03122
37.38518,-122.03038
37.38256,-122.03155
37.38169,-122.03238
37.38518,-122.03038
37.38253,-122.02925
37.37978879,-122.0299726
37.38276284,-122.02768853
37.38696,-122.0298
37.38117,-122.03181
37.38212159,-122.03218839
37.38696,-122.0298
37.37507836,-122.01542631
37.38440569,-122.02862881
37.38347,-122.02585
37.38395,-122.02569
37.38696,-122.0298
37.38696,-122.0298
37.38445,-122.03078
37.3801265,-122.02980424
37.3844,-122.01922
37.38529,-122.01923
37.38127,-122.03035
37.38533476,-122.0261691
37.38696,-122.0298
37.38148,-122.03136
37.37929428,-122.02817963
37.38544,-122.01977
37.38321,-122.03122
37.38431,-122.01878
37.37960428,-122.0306386
37.38599421,-122.02461315
37.38250875,-122.03223755
37.38395,-122.0189
37.38256938,-122.03236165
37.37843712,-122.01752857
37.38518,-122.03038
37.38529,-122.01923
37.38253,-122.02925
37.38457,-122.02005
37.38321,-122.03122
37.38253,-122.02925
37.38696,-122.0298
37.38321,-122.03122
37.38544,-122.01977
37.38579643,-122.02073722
37.38248865,-122.03206525
37.38652,-122.0218
37.38419,-122.02004
37.38077,-122.02793
37.38217,-122.03631
37.38518,-122.03038
37.37937284,-122.01883855
37.38418283,-122.02320968
37.38696,-122.0298
37.38266,-122.02073
37.38103,-122.03169
37.38321,-122.03122
37.38696,-122.0298
37.38384,-122.02517
37.37929,-122.02729
37.38425286,-122.02942357
37.3845681,-122.021681
37.38256,-122.03155
37.38509,-122.02041
37.38395,-122.0189
37.38696,-122.0298
37.38501523,-122.0282962
37.38026238,-122.02790101
37.3842,-122.01827
37.38397238,-122.02419725
37.38321,-122.03122
37.38059239,-122.02830475
37.37905644,-122.0189207
37.38116,-122.02932
37.38696,-122.0298
37.37707428,-122.01780285
37.38425,-122.01853
37.38253,-122.02925
37.38473405,-122.02131232
37.38223704,-122.01867425
37.38819999,-122.02685499
37.38096,-122.0321
37.38529,-122.01923
37.38696,-122.0298
37.38416,-122.01793
37.38675808,-122.02398522
37.38321,-122.03122
37.38674108,-122.02475314
37.38063429,-122.02291714
37.38652,-122.0218
37.38095,-122.03135
37.38444238,-122.02403952
37.38457,-122.02005
37.38321,-122.03122
37.38253,-122.02925
37.38416,-122.01793
37.38386,-122.0261
37.38019,-122.0286
37.38321,-122.03122
37.38414,-122.01978
37.37929,-122.02729
37.38253,-122.02925
37.38441,-122.02133
37.38457,-122.02005
37.38253,-122.02925
37.38035844,-122.03075346
37.38493317,-122.01859736
37.3854538,-122.026836
37.3808251,-122.02857651
37.38266,-122.02073
37.3856673,-122.0243445
37.38177,-122.02862
37.38696,-122.0298
37.38132,-122.0306
37.38474,-122.01823
37.38023,-122.03286
37.38696,-122.0298
37.38256,-122.03155
37.38416287,-122.02257428
37.38819,-122.02761
37.38696,-122.0298
37.38696,-122.0298
37.38253,-122.02925
37.38253,-122.02925
37.38120807,-122.0224132
37.385975,-122.02797716
37.38696,-122.0298
37.38603142,-122.02753093
37.38253,-122.02925
37.38563904,-122.02848808
37.3844,-122.01922
37.38056,-122.02923
37.38724724,-122.02625136
37.38696,-122.0298
37.38696,-122.0298
37.3861619,-122.02749235
37.38256,-122.03155
37.38518,-122.03038
37.38155381,-122.02550718
37.38518,-122.03038
37.38518,-122.03038
37.38623621,-122.02230576
37.38518,-122.03038
37.38322381,-122.01925959
37.37929,-122.02729
37.38253,-122.02925
37.38696,-122.0298
37.38192,-122.03504
37.38123,-122.02961
37.3782857,-122.01828714
37.38696,-122.0298
37.38316001,-122.02056857
37.38522134,-122.0286324
37.38359,-122.01804
37.38128,-122.02811
37.38443284,-122.02303664
37.38696,-122.0298
37.38253,-122.02925
37.38425,-122.01853
37.37963096,-122.03272664
37.38518,-122.03038
37.38253,-122.02925
37.38696,-122.0298
37.38208,-122.03092
37.38056,-122.02923
37.38312335,-122.02165053
37.38518,-122.03038
37.3825243,-122.01948649
37.38579284,-122.02027138
37.38377,-122.0184
37.38518,-122.03038
37.38253,-122.02925
37.38528,-122.02407
37.38500039,-122.01857892
37.38122,-122.0301
37.38471712,-122.02838142
37.38253,-122.02925
37.38495,-122.03108
37.38181121,-122.03047391
37.38253,-122.02925
37.37488,-122.01444
37.38696,-122.0298
37.38696,-122.0298
37.38601143,-122.0259253
37.38214907,-122.0195795
37.38503,-122.03078
37.38467952,-122.0227846
37.3797,-122.03285
37.3819543,-122.02732098
37.38696,-122.0298
37.38682907,-122.02635134
37.38465,-122.03085
37.38518,-122.03038
37.38317427,-122.02121229
37.38577666,-122.02197813
37.38696,-122.0298
37.38696,-122.0298
37.38529,-122.01923
37.38286799,-122.02116309
37.38509,-122.02041
37.38696,-122.0298
37.38464,-122.03078
37.38509,-122.02041
37.38696,-122.0298
37.38676501,-122.02687857
37.38696,-122.0298
37.38529,-122.01923
37.38527,-122.02103
37.38120234,-122.02303944
37.37999906,-122.02800384
37.38494904,-122.02376096
37.38128606,-122.02291294
37.38321,-122.03122
37.38153361,-122.02902336
37.38696,-122.0298
37.38321,-122.03122
37.38490237,-122.02359666
37.38248004,-122.03193746
37.38652,-122.0218
37.38445,-122.01944
37.38450381,-122.02644244
37.38881,-122.0292
37.38253,-122.02925
37.38387431,-122.02254721
37.38087,-122.02367
37.38169,-122.03238
37.37949498,-122.03073143
37.38517,-122.02273
37.38321,-122.03122
37.38709335,-122.02558957
37.38041,-122.02959
37.38544,-122.01977
37.38191,-122.02857
37.38696,-122.0298
37.38611714,-122.02795572
37.38256,-122.03155
37.38490952,-122.02790378
37.38696,-122.0298
37.38185,-122.03506
37.38696,-122.0298
37.38163,-122.03203
37.38486857,-122.02834335
37.38696,-122.0298
37.384039,-122.03312721
37.38696,-122.0298
37.38477,-122.02052
37.38696,-122.0298
37.38561618,-122.02764284
37.38188,-122.03505
37.38321,-122.03122
37.37956666,-122.03123899
37.38407571,-122.02674711
37.38253,-122.02925
37.38696,-122.0298
37.38237953,-122.03229642
37.38518,-122.03038
37.38253,-122.02925
37.38491,-122.01875
37.38087,-122.02367
37.3765507,-122.01852499
37.38242286,-122.01900783
37.38208,-122.03092
37.38170429,-122.0274243
37.38416502,-122.02907178
37.38188056,-122.03002405
37.38253,-122.02925
37.38548,-122.02502
37.38159289,-122.02900464
37.38332045,-122.02117038
37.37879711,-122.01918929
37.38328145,-122.0203758
37.38494,-122.03128
37.38408,-122.02143
37.38491,-122.01875
37.38253,-122.02925
37.38253,-122.02925
37.38476287,-122.02634435
37.37776141,-122.01776213
37.38696,-122.0298
37.38449,-122.01966
37.38388,-122.02151
37.38197863,-122.01883701
37.38518,-122.03038
37.38256,-122.03155
37.37584,-122.01448
37.38696,-122.0298
37.38253,-122.02925
37.38860714,-122.02796572
37.38696,-122.0298
37.38321,-122.03122
37.38321,-122.03122
37.38518,-122.03038
37.38086915,-122.02431979
37.38696,-122.0298
37.38433,-122.02067
37.38138858,-122.02349666
37.38113621,-122.03219592
37.38268,-122.02189
37.38544761,-122.0290043
37.38597718,-122.02117649
37.38696,-122.0298
37.38625315,-122.02482677
37.38253,-122.02925
37.38056,-122.02923
37.38253,-122.02925
37.38441,-122.02133
37.38345624,-122.03330551
37.3807864,-122.02371833
37.38393106,-122.01801398
37.37622857,-122.017435
37.38696,-122.0298
37.38405,-122.01934
37.38169,-122.03238
37.38680986,-122.02466898
37.38187857,-122.02801761
37.38696,-122.0298
37.3848838,-122.01861699
37.38321,-122.03122
37.38434929,-122.02363595
37.38518,-122.03038
37.38048,-122.02861
37.3850338,-122.026976
37.38556,-122.0254
37.38696,-122.0298
37.38738763,-122.02549195
37.38100523,-122.02295809
37.38253,-122.02925
37.3789,-122.02844
37.38057476,-122.0225492
37.38256,-122.03155
37.38229778,-122.02591994
37.38349858,-122.02272147
37.38433,-122.02067
37.38414,-122.01978
37.38696,-122.0298
37.38489854,-122.03130099
37.38523405,-122.02227354
37.38696,-122.0298
37.38641953,-122.02578816
37.38253,-122.02925
37.38321,-122.03122
37.38207762,-122.02537096
37.3862874,-122.02172296
37.38169,-122.03238
37.37889,-122.02831
37.38518,-122.03038
37.38798,-122.02816
37.38116068,-122.02504167
37.3775,-122.01701
37.38055189,-122.03218335
37.38696,-122.0298
37.37805428,-122.01635187
37.3844,-122.03085
37.38315428,-122.01876712
37.386839,-122.02434126
37.38518,-122.03038
37.38297048,-122.02210726
37.3850957,-122.0286857
37.38451718,-122.02160723
37.38132,-122.0306
37.38696,-122.0298
37.38416632,-122.02174771
37.38103,-122.02476
37.37867928,-122.01660358
37.37755358,-122.01835855
37.38054,-122.03483
37.38696,-122.0298
37.38518,-122.03137
37.38504,-122.03124
37.38518,-122.03038
37.38394524,-122.03371193
37.38463,-122.03119
37.38536881,-122.0222383
37.38616191,-122.02183433
37.38157179,-122.02210652
37.38221411,-122.02594299
37.38256,-122.03155
37.38253,-122.02925
37.38656998,-122.022285
37.38487,-122.03077
37.38518,-122.03038
37.38256,-122.03155
37.38696,-122.0298
37.38518,-122.03038
37.38696,-122.0298
37.38253,-122.02925
37.38477,-122.02052
37.38253,-122.02925
37.38026093,-122.03097402
37.38423426,-122.02723364
37.38321,-122.03122
37.38529,-122.01923
37.37671785,-122.01675713
37.38529,-122.01923
37.38102,-122.0264
37.38696,-122.0298
37.38506,-122.01764
37.38253,-122.02925
37.38474,-122.01823
37.38696,-122.0298
37.38514,-122.03121
37.38105,-122.03015
37.38696,-122.0298
37.38346907,-122.0220429
37.38696,-122.0298
37.37929,-122.02729
37.38457,-122.02005
37.38696,-122.0298
37.38517666,-122.02909799
37.38234426,-122.01914427
37.38529,-122.01923
37.38696,-122.0298
37.38554856,-122.02725764
37.37988381,-122.03157284
37.38518,-122.03038
37.38448,-122.03124
37.38430143,-122.02255999
37.38224,-122.01978
37.38696,-122.0298
37.38253,-122.02925
37.38149,-122.02854
37.38256,-122.03155
37.38253,-122.02925
37.38090479,-122.02769074
37.38552,-122.02521
37.37944564,-122.03218584
37.38529,-122.01923
37.38526,-122.02738
37.37584,-122.01448
37.37929,-122.02729
37.38573046,-122.02672125
37.38489,-122.03129
37.3822101,-122.03217007
37.38253,-122.02925
37.38133385,-122.01880728
37.38696,-122.0298
37.38253,-122.02925
37.38253,-122.02925
37.38628429,-122.02583577
37.38698286,-122.02565812
37.38246,-122.01849
37.38321,-122.03122
37.38696,-122.0298
37.38696,-122.0298
37.38518,-122.03038
37.37929,-122.02729
37.38548137,-122.01862069
37.384,-122.01912
37.38321,-122.03122
37.37584,-122.01448
37.38172189,-122.02256905
37.38409,-122.01956
37.38253,-122.02925
37.38173748,-122.02214326
37.38253,-122.02925
37.38405,-122.01934
37.38856855,-122.02780857
37.38358259,-122.02106016
37.37993,-122.02943
37.37885073,-122.01791642
37.38696,-122.0298
37.38260955,-122.01997909
37.37883,-122.01603
37.38321,-122.03122
37.38092,-122.02911
37.38533999,-122.02774284
37.38291571,-122.0275857
37.38253,-122.02925
37.38488998,-122.02935619
37.384,-122.01912
37.38537,-122.02033
37.38141,-122.03103
37.37662855,-122.01728787
37.38669082,-122.02643195
37.38390569,-122.02319736
37.38063476,-122.0266229
37.38224,-122.01978
37.38151875,-122.02892112
37.38256,-122.03155
37.38544,-122.01977
37.37687725,-122.01822844
37.38008766,-122.03256901
37.38467476,-122.02258926
37.38696,-122.0298
37.38177,-122.03509
37.37635857,-122.01741356
37.3810881,-122.0250381
37.38518,-122.03038
37.38117,-122.03236
37.38321,-122.03122
37.3853474,-122.02204437
37.38253,-122.02925
37.37874002,-122.01740785
37.38238617,-122.0199543
37.38881,-122.0292
37.38496261,-122.02293302
37.38256,-122.03155
37.3807743,-122.02651004
37.38696,-122.0298
37.38752534,-122.02613566
37.38632428,-122.02827713
37.38382131,-122.0181935
37.3858819,-122.02757759
37.38209187,-122.02390849
37.38256,-122.03155
37.38696,-122.0298
37.38816,-122.0298
37.38696,-122.0298
37.37910569,-122.01748143
37.38167,-122.03512
37.3823,-122.03373
37.37548717,-122.01854389
37.38474,-122.01823
37.38684715,-122.0256729
37.38544,-122.01977
37.38077,-122.02916
37.38608,-122.02711
37.38412,-122.02872
37.38302855,-122.0187129
37.38516284,-122.02823527
37.38253,-122.02925
37.38696,-122.0298
37.3833643,-122.02285713
37.38529,-122.01923
37.37905465,-122.0291251
37.38215554,-122.0318786
37.38518,-122.03038
37.38542,-122.02818
37.3842,-122.01827
37.38696,-122.0298
37.38529,-122.01923
37.38321,-122.03122
37.38696,-122.0298
37.38087,-122.02367
37.38145,-122.02754
37.38385,-122.01833
37.37846949,-122.02854971
37.38208,-122.03092
37.38627977,-122.02120487
37.38431188,-122.02315136
37.38428524,-122.02767287
37.37969,-122.0282
37.37974785,-122.03059431
37.38216644,-122.01917642
37.38169,-122.03238
37.38671,-122.02223
37.38253,-122.02925
37.38318426,-122.02116565
37.38321,-122.03122
37.38388,-122.02151
37.38253,-122.02925
37.38478476,-122.02490093
37.38268,-122.02189
37.3788,-122.01657
37.37768716,-122.01900071
37.38696,-122.0298
37.38544,-122.01977
37.38152,-122.0287
37.38295857,-122.0194243
37.38696,-122.0298
37.38696,-122.0298
37.38385142,-122.02714135
37.38518,-122.03038
37.38158286,-122.02744431
37.38696,-122.0298
37.38696,-122.0298
37.38253,-122.02925
37.38541952,-122.02100119
37.38696,-122.0298
37.38321,-122.03122
37.38506,-122.01764
37.38696,-122.0298
37.37948,-122.03203
37.38654892,-122.02647752
37.38321,-122.03122
37.38543925,-122.01863497
37.38256,-122.03155
37.38622574,-122.02238523
37.38518,-122.03038
37.38388,-122.02379
37.38491,-122.01875
37.38696,-122.0298
37.38345045,-122.02105198
37.38253,-122.02925
37.38582715,-122.02802716
37.38256,-122.03155
37.38092,-122.03119
37.38321,-122.03122
37.38696,-122.0298
37.38321,-122.03122
37.38274478,-122.01834907
37.38210025,-122.03211471
37.38310642,-122.02403001
37.38081,-122.03068
37.38244701,-122.03194321
37.38544,-122.01977
37.38097133,-122.02348474
37.38586082,-122.0266466
37.38529,-122.01923
37.38253,-122.02925
37.38253,-122.02925
37.38529,-122.01923
37.38229996,-122.02787518
37.38253,-122.02925
37.38498,-122.0306
37.38369715,-122.02616999
37.38696,-122.0298
37.38253,-122.02925
37.37929,-122.02729
37.38026354,-122.02682479
37.38208,-122.03092
37.38253,-122.02925
37.37934112,-122.02906069
37.3815,-122.03171
37.38696,-122.0298
37.38830785,-122.02794785
37.38169,-122.03238
37.38132,-122.0306
37.38321,-122.03122
37.37548,-122.01854
37.38445,-122.01944
37.38752095,-122.02831859
37.38662213,-122.02439629
37.38506,-122.01764
37.38253,-122.02925
37.38256,-122.03155
37.37712688,-122.01797785
37.38588763,-122.02204093
37.38256,-122.03155
37.38772904,-122.02542331
37.38696,-122.0298
37.38368,-122.02522
37.38224,-122.01978
37.38210189,-122.02787093
37.38696,-122.0298
37.38696,-122.0298
37.38696,-122.0298
37.38113822,-122.02352527
37.38253,-122.02925
37.38237677,-122.0271704
37.38419,-122.02004
37.38390224,-122.01814306
37.3774,-122.01504
37.38696,-122.0298
37.3774,-122.01504
37.38019,-122.0286
37.38544,-122.01977
37.38039952,-122.03097571
37.38126584,-122.02352394
37.38433,-122.02067
37.38151198,-122.0224373
37.37951,-122.02682
37.38321,-122.03122
37.37950093,-122.02820754
37.38046289,-122.03219287
37.38264788,-122.01884787
37.37832215,-122.01864676
37.38529,-122.01923
37.38095617,-122.02853175
37.38253,-122.02925
37.38460286,-122.02136362
37.38669668,-122.02571434
37.38321,-122.03122
37.3801,-122.03226
37.38321,-122.03122
37.38263844,-122.02114315
37.38253,-122.02925
37.37584,-122.01448
37.38266,-122.02073
37.38415,-122.02507
37.37991809,-122.03173712
37.38253,-122.02925
37.38326224,-122.02348518
37.38415145,-122.02188334
37.38696,-122.0298
37.38488001,-122.02535716
37.38253,-122.02925
37.38646936,-122.02410879
37.38256,-122.03155
37.38256,-122.03155
37.38527,-122.02103
37.38696,-122.0298
37.3846,-122.02058
37.38550992,-122.01860713
37.38136857,-122.02458646
37.38506,-122.01764
37.38546495,-122.01857501
37.37848676,-122.01909252
37.38321,-122.03122
37.38615524,-122.02591052
37.38208,-122.03092
37.38529,-122.01923
37.38010143,-122.03151431
37.38696,-122.0298
37.38217,-122.03631
37.37890844,-122.03009071
37.38544,-122.01977
37.38168309,-122.02334825
37.38294427,-122.02064
37.38696,-122.0298
37.3825807,-122.01890929
37.38574857,-122.02760855
37.38059915,-122.02241833
37.38253,-122.02925
37.38081,-122.03068
37.3801,-122.03226
37.38266,-122.02073
37.38253,-122.02925
37.38696,-122.0298
37.38474,-122.01823
37.38346576,-122.03301046
37.38112,-122.03148
37.38117,-122.02897
37.3849,-122.03089
37.38015498,-122.03048026
37.38550474,-122.02275088
37.38696,-122.0298
37.38696,-122.0298
37.38696,-122.0298
37.38263284,-122.027739
37.38253,-122.02925
37.3836143,-122.02273001
37.38220818,-122.02382959
37.38208,-122.03092
37.38529,-122.01923
37.38666143,-122.0277443
37.38696,-122.0298
37.38518,-122.03038
37.38039713,-122.02947045
37.38767237,-122.02827811
37.38652999,-122.02778859
37.38253,-122.02925
37.38606243,-122.02228294
37.38696,-122.0298
37.37812715,-122.01764426
37.38256,-122.03155
37.38486,-122.03071
37.38374759,-122.01798763
37.38698535,-122.02721223
37.38321,-122.03122
37.3797,-122.03285
37.38696,-122.0298
37.38132,-122.0306
37.38086082,-122.02416691
37.38374595,-122.02324498
37.3849,-122.0311
37.38253,-122.02925
37.37929,-122.02729
37.37584,-122.01448
37.38253,-122.02925
37.38518,-122.03038
37.38518,-122.03038
37.38435,-122.019
37.38738761,-122.0283643
37.38696,-122.0298
37.38535706,-122.02090066
37.38240929,-122.01956718
37.38304261,-122.0210994
37.38127952,-122.02277553
37.38256,-122.03155
37.38344897,-122.03589499
37.38056,-122.03031
37.37798,-122.01891
37.38321,-122.03122
37.38794905,-122.02689616
37.38407,-122.02472
37.38321,-122.03122
37.38131862,-122.01902619
37.37674309,-122.01724858
37.38255088,-122.02142164
37.37854358,-122.01662074
37.38347909,-122.03274967
37.38416,-122.01793
37.38464714,-122.02797474
37.38244988,-122.03227919
37.38725465,-122.02712532
37.38253,-122.02925
37.38696,-122.0298
37.38019,-122.0286
37.38529,-122.01923
37.38544,-122.01977
37.38253,-122.02925
37.38321,-122.03122
37.38252904,-122.02714479
37.38696,-122.0298
37.386769,-122.02490648
37.37926001,-122.03112388
37.387625,-122.02741502
37.38668404,-122.02477296
37.37816524,-122.01676049
37.38153753,-122.01928698
37.38544,-122.01977
37.38529,-122.01923
37.3774,-122.01504
37.38696,-122.0298
37.38696,-122.0298
37.38696,-122.0298
37.38696,-122.0298
37.38474,-122.01823
37.38537,-122.02033
37.38696,-122.0298
37.38019,-122.0286
37.38457,-122.02005
37.38518,-122.03038
37.38343858,-122.01863214
37.38253,-122.02925
37.38131501,-122.03690079
37.38253,-122.02925
37.38012212,-122.03101818
37.38544,-122.01977
37.38696,-122.0298
37.38696,-122.0298
37.37994641,-122.02886456
37.38027068,-122.02665109
37.38256,-122.03155
37.38697817,-122.02392696
37.38591856,-122.02842069
37.38425,-122.02031
37.38436142,-122.02596356
37.38473285,-122.02859357
37.38529,-122.01923
37.38593919,-122.02425711
37.37889558,-122.02979149
37.38321,-122.03122
37.37871819,-122.01887213
37.38169,-122.03238
37.38321,-122.03122
37.3860381,-122.02189004
37.38081,-122.03068
37.38112,-122.03264
37.37969,-122.0282
37.38696,-122.0298
37.3853,-122.02268
37.38529,-122.01923
37.38696,-122.0298
37.38253,-122.02925
37.38256,-122.03155
37.38169,-122.03238
37.38501357,-122.02105873
37.38172093,-122.02802425
37.38669415,-122.02467141
37.38696,-122.0298
37.38317,-122.03249
37.38704346,-122.02678535
37.38708071,-122.02760858
37.38409,-122.01956
37.38253,-122.02925
37.38068915,-122.02861699
37.38033,-122.02921
37.38696,-122.0298
37.38321,-122.03122
37.38468458,-122.03097391
37.38425,-122.01853
37.38253,-122.02925
37.38696,-122.0298
37.38253,-122.02925
37.38218138,-122.03186137
37.38696,-122.0298
37.38253,-122.02925
37.38321,-122.03122
37.38426,-122.02559
37.38506,-122.01764
37.38508808,-122.02282282
37.38449,-122.02589
37.38509,-122.02041
37.37909714,-122.03075219
37.3817723,-122.03010436
37.38518,-122.03038
37.38518,-122.03038
37.37952426,-122.03168428
37.37879,-122.02888
37.38518,-122.03038
37.38373,-122.02384
37.38027286,-122.03040527
37.3813932,-122.02410945
37.38180143,-122.02278857
37.38103,-122.02476
37.38408715,-122.02817354
37.38252323,-122.01997239
37.38256,-122.03155
37.38256,-122.03155
37.38184761,-122.02737954
37.379689,-122.03251905
37.38518,-122.03038
37.38233,-122.01854
37.38487952,-122.02109873
37.38253,-122.02925
37.38141571,-122.02812234
37.38600273,-122.0266304
37.38466,-122.03156
37.38321,-122.03122
37.38408462,-122.02202269
37.38696,-122.0298
37.38554,-122.02104696
37.38711227,-122.02714558
37.38696,-122.0298
37.38321,-122.03122
37.38529,-122.01923
37.38253,-122.02925
37.38370524,-122.01961434
37.3847819,-122.02795282
37.38527391,-122.02158223
37.38256,-122.03155
37.38541283,-122.0215113
37.38253,-122.02925
37.38650573,-122.02214652
37.38103,-122.02476
37.38456,-122.03159
37.38447,-122.02497
37.38321,-122.03122
37.3842,-122.01827
37.38457,-122.02005
37.38253,-122.02925
37.38096841,-122.02240255
37.37488,-122.01444
37.38431,-122.01878
37.38256,-122.03155
37.38506,-122.01764
37.38214793,-122.02341265
37.38019,-122.0286
37.37768356,-122.01740714
37.38208,-122.03092
37.38583141,-122.02084501
37.385,-122.03066
37.38104,-122.02411
37.38529,-122.01923
37.38163193,-122.02325961
37.37901011,-122.02970092
37.38696,-122.0298
37.38609283,-122.02023564
37.38256,-122.03155
37.38548572,-122.02216748
37.38284764,-122.02286093
37.38127133,-122.02794813
37.38056,-122.02923
37.37687498,-122.01671784
37.38612692,-122.02526049
37.38253,-122.02925
37.38253,-122.02925
37.3842,-122.01827
37.38143,-122.03431
37.37831142,-122.01702857
37.38463569,-122.027116
37.37805213,-122.01681073
37.37929,-122.02729
37.37929,-122.02729
37.37924237,-122.03179811
37.38518,-122.03038
37.37892,-122.02853
37.38471,-122.03154
37.37998813,-122.0320614
37.37901,-122.02881
37.37969,-122.0282
37.38696,-122.0298
37.38132,-122.0306
37.38585001,-122.02887144
37.38481,-122.0315
37.38049,-122.02782
37.3846,-122.02058
37.37969,-122.0282
37.38518,-122.03038
37.38253,-122.02925
37.38529,-122.01923
37.38518,-122.03038
37.38253,-122.02925
37.38696,-122.0298
37.37928711,-122.01831215
37.38657035,-122.02417943
37.38696,-122.0298
37.38696,-122.0298
37.38253668,-122.02925916
37.38664,-122.02692
37.38696,-122.0298
37.38444,-122.03103
37.38518,-122.03038
37.38163,-122.03203
37.38545192,-122.02612053
37.38425,-122.01853
37.38321,-122.03122
37.3802,-122.03268
37.38816,-122.0298
37.37929,-122.02729
37.38518,-122.03038
37.38696,-122.0298
37.38696,-122.0298
37.38425,-122.01853
37.37806841,-122.02777665
37.38122429,-122.02465074
37.38495189,-122.02874093
37.38256,-122.03155
37.38696,-122.0298
37.38253,-122.02925
37.38514331,-122.02332475
37.38253,-122.02925
37.38824,-122.02777
37.38390849,-122.0226329
37.38529,-122.01923
37.38696,-122.0298
37.38696,-122.0298
37.38696,-122.0298
37.38312785,-122.0183722
37.38456191,-122.02759525
37.38696,-122.0298
37.38696,-122.0298
37.38696,-122.0298
37.38106,-122.02843
37.38341931,-122.01846938
37.38235714,-122.02528929
37.38142915,-122.0227849
37.38496,-122.01894
37.38451,-122.03161
37.38189179,-122.03420264
37.38816,-122.0298
37.38097589,-122.02818524
37.38368857,-122.02154644
37.38854291,-122.02836997
37.38580284,-122.02147064
37.38544,-122.01977
37.3876,-122.0266
37.38496,-122.01894
37.37584,-122.01448
37.38445,-122.01944
37.38604715,-122.01999436
37.38342787,-122.02040076
37.38277465,-122.0224995
37.38253,-122.02925
37.38321,-122.03122
37.38675044,-122.02811937
37.38652,-122.0218
37.38152,-122.03152
37.38253,-122.02925
37.38477,-122.02052
37.38804074,-122.02643713
37.38286442,-122.02107445
37.38425,-122.02031
37.38213,-122.01894
37.38405,-122.01934
37.38441,-122.02133
37.38253,-122.02925
37.38253,-122.02925
37.38253,-122.02925
37.38518,-122.03038
37.38441,-122.02133
37.38518,-122.03038
37.38120916,-122.01885392
37.38056,-122.02923
37.38159356,-122.02507351
37.37989082,-122.03055371
37.38149,-122.02854
37.37861176,-122.01835572
37.37829858,-122.01670336
37.38593941,-122.02097764
37.38101618,-122.02275679
37.38301502,-122.02046937
37.38321,-122.03122
37.38208025,-122.03199471
37.38544,-122.01977
37.38381381,-122.0207591
37.38696,-122.0298
37.38321,-122.03122
37.38253,-122.02925
37.38696,-122.0298
37.38256,-122.03155
37.38696,-122.0298
37.38696286,-122.02850858
37.37982997,-122.02890706
37.38433,-122.02067
37.38696,-122.0298
37.38527,-122.02103
37.38392666,-122.0220841
37.38696,-122.0298
37.38422334,-122.02654481
37.38544,-122.01977
37.38534,-122.02569
37.38253,-122.02925
37.38223619,-122.02779428
37.38816,-122.0298
37.38696,-122.0298
37.37991849,-122.01939553
37.38163,-122.03203
37.38529,-122.01923
37.38518,-122.03038
37.38346237,-122.0249457
37.37909145,-122.01908428
37.38321,-122.03122
37.38517,-122.02492
37.38103,-122.02476
37.38457,-122.02005
37.38696,-122.0298
37.3801,-122.03226
37.37749715,-122.01650997
37.37779142,-122.01638
37.38253,-122.02925
37.38253,-122.02925
37.38428416,-122.0241032
37.37955236,-122.03181668
37.37870952,-122.01610986
37.37929,-122.02729
37.38527,-122.02103
37.38445,-122.01944
37.38537,-122.02033
37.38696,-122.0298
37.38696,-122.0298
37.38473,-122.02544
37.38696,-122.0298
37.38253,-122.02925
37.38256,-122.03155
37.38518,-122.03038
37.38256,-122.03155
37.38696,-122.0298
37.38608807,-122.02421503
37.37841571,-122.01896677
37.38256,-122.03155
37.38081,-122.03068
37.38696846,-122.02462691
37.38649914,-122.02487209
37.38512,-122.02743
37.37733573,-122.01735356
37.38469287,-122.0244862
37.38696,-122.0298
37.3792,-122.02851
37.38652,-122.0218
37.37916784,-122.01780929
37.38361095,-122.0248957
37.38504723,-122.03084802
37.38624,-122.02072
37.38529,-122.01923
37.38440619,-122.02291291
37.38518408,-122.02207961
37.37929,-122.02729
37.38038,-122.02864
37.38778,-122.02741
37.38696,-122.0298
37.37718784,-122.01829143
37.38256,-122.03155
37.38696,-122.0298
37.38253,-122.02925
37.38696,-122.0298
37.38256,-122.03155
37.37789927,-122.01843213
37.38696,-122.0298
37.38390286,-122.02253436
37.38095,-122.02773
37.38515524,-122.0235257
37.38169,-122.03238
37.38544,-122.01977
37.37929,-122.02729
37.37584,-122.01448
37.38457,-122.02005
37.37408,-122.01449
37.38735786,-122.02753001
37.38276892,-122.02113408
37.38585568,-122.02092139
37.38297129,-122.01838021
37.38566284,-122.02032138
37.38696,-122.0298
37.38252986,-122.02137577
37.38696,-122.0298
37.38567,-122.0209
37.38448,-122.03091
37.38342856,-122.02394786
37.37939105,-122.03015674
37.3804957,-122.02597711
37.38574498,-122.02432184
37.38151368,-122.0238446
37.38088001,-122.02641574
37.38661641,-122.0281964
37.38613477,-122.02877763
37.38607189,-122.02502098
37.38591005,-122.02510513
37.38307847,-122.01825323
37.38253,-122.02925
37.38696,-122.0298
37.38419,-122.02004
37.38619142,-122.02833283
37.38253,-122.02925
37.38506,-122.01764
37.38253,-122.02925
37.38522929,-122.02044138
37.37969,-122.0282
37.38652,-122.0218
37.38561999,-122.02265425
37.38089,-122.03021
37.38624,-122.02072
37.38253,-122.02925
37.38242117,-122.03227919
37.3848557,-122.02749478
37.3844,-122.01922
37.38353142,-122.02531925
37.37946569,-122.02901562
37.38447379,-122.02183473
37.38127431,-122.02232799
37.37700071,-122.01887215
37.38537,-122.02033
37.38137,-122.03255
37.38696,-122.0298
37.38065,-122.02797
37.38503,-122.03142
37.37935926,-122.01864357
37.38371787,-122.01808663
37.38445,-122.01944
37.37931096,-122.03176955
37.38253,-122.02925
37.38474,-122.01823
37.37990428,-122.02807527
37.38696,-122.0298
37.38056,-122.02923
37.38253,-122.02925
37.38473,-122.01774
37.3823422,-122.03231222
37.38253,-122.02925
37.37929,-122.02729
37.37658498,-122.01866072
37.38049173,-122.02717457
37.37969,-122.0282
37.38696,-122.0298
37.38696,-122.0298
37.37779284,-122.01789715
37.38696,-122.0298
37.3801,-122.03226
37.38529,-122.01923
37.38058,-122.02968
37.38544,-122.01977
37.38532,-122.01885
37.38518,-122.03038
37.38233,-122.01854
37.38524,-122.02388
37.38186784,-122.02495924
37.38518617,-122.02690791
37.38493589,-122.03146568
37.37507,-122.01542
37.38668524,-122.02859145
37.38508,-122.03141
37.38208,-122.03092
37.38449,-122.01966
37.38506,-122.01764
37.38256,-122.03155
37.38253,-122.02925
37.38035,-122.02834
37.3846,-122.02058
37.38087,-122.02367
37.38256,-122.03155
37.38518,-122.03038
37.38253,-122.02925
37.38326071,-122.02397502
37.38451889,-122.03501436
37.38696,-122.0298
37.38156,-122.02916
37.38189,-122.0342
37.3859113,-122.02119389
37.38281855,-122.02000857
37.37902427,-122.0171243
37.37926822,-122.02960538
37.38518,-122.03038
37.38654524,-122.0286343
37.38253,-122.02925
37.38071,-122.03089
37.38445,-122.01944
37.38696,-122.0298
37.38253,-122.02925
37.3824105,-122.02784515
37.38696,-122.0298
37.38253,-122.02925
37.38477,-122.03134
37.38433,-122.02067
37.38253,-122.02925
37.38555532,-122.02157671
37.37867,-122.02859
37.38321,-122.03122
37.38321,-122.03122
37.38696,-122.0298
37.38395,-122.0189
37.38521,-122.02511
37.38088,-122.03156
37.37947378,-122.0312847
37.38544,-122.01977
37.38594143,-122.0271224
37.38518,-122.03038
37.38518,-122.03038
37.38419,-122.02004
37.38431,-122.02502
37.37584,-122.01448
37.38171928,-122.02502066
37.38645,-122.0282
37.38253,-122.02925
37.37763,-122.01698
37.38529,-122.01923
37.3802,-122.03268
37.38678073,-122.02409204
37.37986855,-122.02728204
37.38321,-122.03122
37.37717664,-122.01812428
37.38253,-122.02925
37.38081,-122.03068
37.38696,-122.0298
37.38518791,-122.03038244
37.38278193,-122.0270787
37.38153,-122.02902
37.38321,-122.03122
37.38019,-122.0286
37.37873426,-122.0291404
37.38509,-122.02454
37.38381344,-122.01859753
37.38447902,-122.02898952
37.38486677,-122.02178421
37.38138192,-122.0308591
37.38266475,-122.02012662
37.38179,-122.03508
37.38550476,-122.02037518
37.37882501,-122.01775142
37.37408,-122.01449
37.37737,-122.01706
37.38232144,-122.03195836
37.38229,-122.03491
37.3801,-122.03226
37.38464,-122.026401
37.38518,-122.03038
37.38409,-122.01956
37.38396712,-122.02089279
37.38481523,-122.03576805
37.38696,-122.0298
37.38696,-122.0298
37.38482071,-122.02582641
37.38474,-122.01823
37.38696,-122.0298
37.38765868,-122.02611565
37.37818368,-122.01630116
37.38696,-122.0298
37.38696,-122.0298
37.38335143,-122.02345136
37.38229387,-122.02016997
37.38485711,-122.02296232
37.38132,-122.0306
37.38544,-122.01977
37.38253,-122.02925
37.38571145,-122.02255714
37.38253,-122.02925
37.38687475,-122.02352501
37.38127,-122.03035
37.38409,-122.01956
37.38751498,-122.02748572
37.38451595,-122.03161521
37.38652,-122.0218
37.38457,-122.02005
37.38657571,-122.02575815
37.38696,-122.0298
37.38055,-122.02812
37.38256071,-122.01874654
37.38007695,-122.02941022
37.38425,-122.02031
37.3871303,-122.02457835
37.38519,-122.01809
37.38056,-122.02923
37.38396713,-122.02820926
37.38096,-122.0319
37.3835287,-122.02620357
37.38095,-122.03135
37.38696,-122.0298
37.38256,-122.03155
37.38518,-122.03038
37.38256,-122.03155
37.38499558,-122.02171507
37.38696,-122.0298
37.38696,-122.0298
37.38443714,-122.02763739
37.38304619,-122.01995902
37.38336855,-122.02442391
37.38518,-122.03038
37.38529,-122.01923
37.38186096,-122.02777525
37.38321,-122.03122
37.38550713,-122.02855902
37.38159,-122.03186
37.38253,-122.02925
37.38671,-122.02223
37.38614634,-122.02419238
37.38696,-122.0298
37.38485,-122.03065
37.38253,-122.02925
37.38487725,-122.01858368
37.3803028,-122.02681289
37.37897,-122.01698
37.38409,-122.01956
37.38321,-122.03122
37.38544,-122.01977
37.38382906,-122.02029145
37.37929,-122.02729
37.38095482,-122.02065126
37.38541,-122.01882
37.3801,-122.03226
37.38696,-122.0298
37.38593212,-122.02129026
37.38346858,-122.01934091
37.38253,-122.02925
37.38288621,-122.02300094
37.38689427,-122.02807499
37.38600714,-122.02882906
37.38253,-122.02925
37.38696,-122.0298
37.38518,-122.03038
37.38470429,-122.02753954
37.38385,-122.01833
37.38529,-122.01923
37.37836747,-122.01719464
37.3783,-122.01845
37.37710495,-122.01411396
37.37891716,-122.01825499
37.38529,-122.02549
37.38104,-122.02411
37.3846,-122.02058
37.3831938,-122.02447093
37.38491,-122.01875
37.38696,-122.0298
37.38079715,-122.0271471
37.38287143,-122.02174719
37.38696,-122.0298
37.38153524,-122.02279022
37.38497238,-122.02217984
37.38696,-122.0298
37.38435,-122.019
37.38321,-122.03122
37.38906686,-122.02967379
37.38629643,-122.02181932
37.38321,-122.03122
37.38233815,-122.02032522
37.38264669,-122.01946244
37.38603952,-122.02489798
37.3802,-122.03268
37.38566237,-122.02157323
37.38038668,-122.03209952
37.38215143,-122.02432575
37.37831785,-122.01626187
37.37929,-122.02729
37.38498,-122.03144
37.38696,-122.0298
37.38256,-122.03155
37.38696,-122.0298
37.37929,-122.02729
37.38736821,-122.02619518
37.38132,-122.0306
37.38446,-122.03082
37.38467,-122.03138
37.38253,-122.02925
37.38253,-122.02925
37.37898071,-122.01841428
37.3844,-122.01922
37.37948,-122.03203
37.38079142,-122.02598137
37.38405142,-122.02259716
37.38132,-122.0306
37.3825099,-122.01992384
37.38696,-122.0298
37.38194759,-122.02392327
37.38256,-122.03155
37.38769572,-122.02782069
37.38253,-122.02925
37.38711038,-122.02345354
37.38362785,-122.02333971
37.38405,-122.01934
37.38544,-122.01977
37.3792276,-122.0179292
37.38299857,-122.01879142
37.38671,-122.02223
37.38268,-122.02189
37.38163,-122.03203
37.38425,-122.02031
37.38439,-122.03582
37.38108614,-122.02381013
37.38253,-122.02925
37.38508859,-122.02217363
37.38253,-122.02925
37.38853,-122.0292
37.38321,-122.03122
37.38474833,-122.02120227
37.38518,-122.03038
37.37649569,-122.0181543
37.38696,-122.0298
37.37653783,-122.01833786
37.38019,-122.0286
37.3871707,-122.02801212
37.38709047,-122.02625566
37.37597,-122.01529
37.38253,-122.02925
37.38589429,-122.02186961
37.38419,-122.02004
37.38253,-122.02925
37.38544,-122.01977
37.3800595,-122.02991378
37.38477,-122.02052
37.37963,-122.02751
37.38699759,-122.02403378
37.38056,-122.02923
37.38246,-122.01849
37.38536,-122.02265
37.3818438,-122.0254455
37.37981356,-122.02876429
37.38019,-122.0286
37.38377,-122.0184
37.38333,-122.0352335
37.38739762,-122.02706153
37.38321,-122.03122
37.38072,-122.02964
37.38544,-122.01977
37.38065476,-122.02596426
37.38504219,-122.02216768
37.38696,-122.0298
37.3774043,-122.01767
37.38253,-122.02925
37.3821214,-122.01875135
37.3846,-122.02058
37.38696,-122.0298
37.37724,-122.01534
37.38253,-122.02925
37.38253,-122.02925
37.38091521,-122.02308696
37.3775,-122.018
37.38139,-122.03175
37.38418167,-122.02598453
37.38092,-122.02911
37.38325,-122.02288
37.38321,-122.03122
37.37962892,-122.03005639
37.38696,-122.0298
37.38272557,-122.02242068
37.38624,-122.02072
37.37838498,-122.01736535
37.3838,-122.01858
37.38379953,-122.02089615
37.38696,-122.0298
37.38625428,-122.0278793
37.38650286,-122.02697952
37.38056,-122.02923
37.38723572,-122.02840954
37.3821258,-122.03227424
37.38449,-122.01966
37.38457,-122.03141
37.38253,-122.02925
37.38444212,-122.02880643
37.38431,-122.01878
37.38696,-122.0298
37.38518,-122.03038
37.38191334,-122.02321887
37.3797,-122.03285
37.38253,-122.02925
37.38321,-122.03122
37.38671,-122.02223
37.3891486,-122.03016423
37.37877459,-122.02924605
37.38733664,-122.02481943
37.38462,-122.03139
37.38251655,-122.03226447
37.3855938,-122.026786
37.3841387,-122.02890666
37.38119855,-122.02255775
37.37886589,-122.02142647
37.38256,-122.03155
37.38696,-122.0298
37.38169,-122.03238
37.3844786,-122.03145051
37.38696,-122.0298
37.37929,-122.02729
37.38419,-122.02004
37.38256,-122.03155
37.38169286,-122.02211054
37.38696,-122.0298
37.38496,-122.01894
37.38325716,-122.02160768
37.384,-122.01912
37.38363,-122.0258
37.3827436,-122.02058363
37.38449,-122.01966
37.38321,-122.03122
37.38019,-122.0286
37.38163,-122.03203
37.38368666,-122.02098327
37.38246,-122.01849
37.38052,-122.02799
37.38443,-122.03126
37.38696,-122.0298
37.38169,-122.03238
37.3830024,-122.02346999
37.37640213,-122.01786355
37.38631141,-122.0251019
37.38163,-122.03203
37.38518,-122.03038
37.38672895,-122.02501612
37.38079807,-122.02316402
37.38253,-122.02925
37.38256,-122.03155
37.38696,-122.0298
37.38696,-122.0298
37.38881,-122.0292
37.38061668,-122.02277284
37.38519,-122.02369
37.38539,-122.02734
37.38518,-122.03038
37.38696,-122.0298
37.38208,-122.03092
37.38214846,-122.03233463
37.38425,-122.02031
37.38169,-122.03238
37.38779786,-122.02604855
37.3766764,-122.01900285
37.38169,-122.03238
37.38098,-122.03079
37.38253,-122.02925
37.38483668,-122.02342807
37.38103,-122.02476
37.38253,-122.02925
37.38536808,-122.02859141
37.37747,-122.01621
37.38253,-122.02925
37.38518,-122.03038
37.38113,-122.03219
37.3878,-122.02825
37.37929,-122.02729
37.38169,-122.03238
37.38457,-122.02005
37.3852638,-122.02147575
37.3842,-122.01827
37.38696,-122.0298
37.38321,-122.03122
37.38518,-122.03038
37.38321,-122.03122
37.38696,-122.0298
37.38045,-122.02981
37.38028852,-122.02684858
37.38404376,-122.0328262
37.37964026,-122.02943731
37.38256,-122.03155
37.38696,-122.0298
37.38169,-122.03238
37.37914926,-122.01764215
37.38213855,-122.02485996
37.38253,-122.02925
37.37894,-122.01653
37.38696,-122.0298
37.38256,-122.03155
37.3836387,-122.02431093
37.38696,-122.0298
37.37929,-122.02729
37.38256,-122.03155
37.38141,-122.03103
37.37878144,-122.01759356
37.38306,-122.0236
37.38439,-122.0308
37.37901859,-122.01875428
37.38696,-122.0298
37.38353073,-122.02150578
37.38457,-122.02005
37.38169,-122.03238
37.38169,-122.03238
37.38321,-122.03122
37.38168,-122.02283
37.38321426,-122.0199628
37.38208,-122.03092
37.38696,-122.0298
37.38696,-122.0298
37.38246,-122.01849
37.3835936,-122.02195757
37.38624,-122.02072
37.3817443,-122.02450786
37.38671,-122.02223
37.38696,-122.0298
37.38138,-122.03085
37.37695929,-122.01874498
37.38351,-122.02212
37.3856,-122.0256
37.38462,-122.03072
37.38443,-122.03098
37.38637714,-122.02783716
37.38453953,-122.02454667
37.37792998,-122.01686382
37.38443692,-122.03126666
37.37642501,-122.01683714
37.38607713,-122.02011999
37.38414,-122.01978
37.38429857,-122.02240865
37.38019,-122.0286
37.38127,-122.03035
37.38435,-122.019
37.37929,-122.02729
37.38449,-122.01966
37.38080048,-122.02246587
37.38696,-122.0298
37.38696,-122.0298
37.38696,-122.0298
37.38696,-122.0298
37.38055053,-122.03280043
37.38204857,-122.01924141
37.37659,-122.01426
37.37962,-122.02883
37.38253,-122.02925
37.38489,-122.03083
37.38253,-122.02925
37.38253,-122.02925
37.38696,-122.0298
37.37703499,-122.01763356
37.38509,-122.03123
37.38624,-122.02072
37.38321,-122.03122
37.38213,-122.01894
37.38447,-122.03087
37.38696,-122.0298
37.38696,-122.0298
37.38509,-122.02041
37.38696,-122.0298
37.38156523,-122.02917639
37.38256,-122.03155
37.38696,-122.0298
37.38057954,-122.02043588
37.38696,-122.0298
37.38321,-122.03122
37.38322095,-122.01953656
37.37929,-122.02729
37.38321,-122.03122
37.38321,-122.03122
37.38253,-122.02925
37.387015,-122.02803498
37.38671,-122.02223
37.38457,-122.02005
37.38106116,-122.02382143
37.38506,-122.01764
37.38628905,-122.02743093
37.38518,-122.03038
37.38696,-122.0298
37.38264915,-122.02126629
37.38431,-122.01878
37.38696,-122.0298
37.38028495,-122.02673437
37.38433,-122.02067
37.38544,-122.01977
37.38321,-122.03122
37.37894287,-122.02987298
37.38335,-122.01924386
37.38506,-122.01764
37.38040574,-122.03139146
37.38539261,-122.02137508
37.38494522,-122.03575089
37.38419,-122.02004
37.38696,-122.0298
37.38169,-122.03238
37.38321,-122.03122
37.38500236,-122.02397952
37.38360048,-122.01925523
37.38558761,-122.02895669
37.38321,-122.03122
37.38696,-122.0298
37.38416,-122.01793
37.3814138,-122.01934123
37.38506,-122.01764
37.38376057,-122.01819188
37.38496,-122.01894
37.38416,-122.01793
37.38321,-122.03122
37.38505,-122.02435
37.381,-122.02955
37.38518,-122.03038
37.37921997,-122.02908384
37.38646353,-122.02475233
37.38529,-122.01923
37.38696,-122.0298
37.3768606,-122.01722833
37.38704938,-122.02427977
37.38395,-122.0189
37.3858307,-122.02098849
37.38696,-122.0298
37.38696,-122.0298
37.37930522,-122.03124761
37.38696,-122.0298
37.38388,-122.02151
37.384,-122.01912
37.37924783,-122.01814001
37.38237788,-122.01893074
37.37507,-122.01542
37.38103,-122.02476
37.38183,-122.03507
37.38425,-122.02031
37.3849038,-122.027016
37.38157,-122.0222017
37.38456632,-122.02551796
37.38518,-122.03038
37.38389855,-122.02783215
37.38639572,-122.02236212
37.38253,-122.02925
37.38189179,-122.03420264
37.38783093,-122.02560237
37.37847283,-122.01768857
37.38696,-122.0298
37.38518,-122.03038
37.38058963,-122.02266044
37.38296855,-122.0182717
37.38549,-122.0188
37.38248004,-122.03203797
37.38696,-122.0298
37.37448,-122.01629
37.38696,-122.0298
37.37929,-122.02729
37.38544,-122.01977
37.38219431,-122.03198915
37.38806881,-122.02723691
37.384,-122.01912
37.38508289,-122.02097649
37.38696,-122.0298
37.38609778,-122.02514074
37.37929,-122.02729
37.38253,-122.02925
37.38321,-122.03122
37.38425,-122.02031
37.38285071,-122.01884927
37.38375048,-122.02483713
37.38518,-122.03038
37.38696,-122.0298
37.38379725,-122.0220187
37.38321,-122.03122
37.38014595,-122.02719045
37.38233,-122.01854
37.38182191,-122.03041442
37.38330904,-122.02498
37.38253,-122.02925
37.38256,-122.03155
37.38311714,-122.02285575
37.38696,-122.0298
37.38696,-122.0298
37.38683,-122.02857
37.3774,-122.01504
37.38696,-122.0298
37.38253,-122.02925
37.3801,-122.03226
37.37426,-122.01542
37.38092,-122.02911
37.38248473,-122.02777948
37.38321,-122.03122
37.38059142,-122.03199858
37.38832573,-122.02811571
37.37976401,-122.02936935
37.37901358,-122.01855572
37.38321,-122.03122
37.38253,-122.02925
37.38532,-122.01842
37.38696,-122.0298
37.38696,-122.0298
37.37675,-122.01771
37.38816,-122.0298
37.385,-122.03106
37.38696,-122.0298
37.38518,-122.03038
37.38143759,-122.01918514
37.38143391,-122.02288306
37.38529,-122.01923
37.38652,-122.0218
37.38634763,-122.02699953
37.37877439,-122.02976836
37.38433,-122.02067
37.38684143,-122.02724426
37.38696,-122.0298
37.38696,-122.0298
37.38675201,-122.02481909
37.38696,-122.0298
37.38253,-122.02925
37.37929,-122.02729
37.38696,-122.0298
37.38077,-122.03109
37.38321,-122.03122
37.38321,-122.03122
37.38696,-122.0298
37.38696,-122.0298
37.38253,-122.02925
37.38416,-122.01793
37.38696,-122.0298
37.38696,-122.0298
37.38103736,-122.02365309
37.38518,-122.03038
37.37959,-122.02731
37.38724953,-122.02551672
37.38253,-122.02925
37.38499,-122.03126
37.38253,-122.02925
37.38696,-122.0298
37.38696,-122.0298
37.38518,-122.03038
37.38415287,-122.02245436
37.38696,-122.0298
37.38253,-122.02925
37.38208,-122.03092
37.37979282,-122.03297431
37.38464072,-122.02584428
37.38696,-122.0298
37.38272914,-122.02250872
37.38253,-122.02925
37.37765427,-122.01723287
37.38332997,-122.01862075
37.38092,-122.02911
37.37932854,-122.01848714
37.38163,-122.03203
37.38566239,-122.02721859
37.38696,-122.0298
37.38425,-122.01853
37.38544,-122.01977
37.38518,-122.03038
37.37929,-122.02729
37.38696,-122.0298
37.3842,-122.02368
37.38696,-122.0298
37.38581785,-122.02070652
37.38461714,-122.02125595
37.38148643,-122.02456502
37.38308,-122.01941048
37.38251019,-122.03214135
37.38321,-122.03122
37.38694643,-122.02765716
37.38157189,-122.02810518
37.38416,-122.01793
37.37960643,-122.03072283
37.38092,-122.02911
37.3774,-122.01504
37.38696,-122.0298
37.37705142,-122.01907427
37.37896963,-122.03028941
37.38169,-122.03238
37.38518,-122.03038
37.38680177,-122.02499751
37.38253,-122.02925
37.38474,-122.01823
37.38244785,-122.02072997
37.38471,-122.02172
37.38253,-122.02925
37.38486856,-122.02916715
37.38518,-122.03038
37.38395,-122.0189
37.38670103,-122.0248822
37.38253,-122.02925
37.38624,-122.02072
37.38696,-122.0298
37.38321,-122.03122
37.38308571,-122.01930198
37.38348331,-122.01994229
37.38696,-122.0298
37.38851427,-122.02764429
37.38087,-122.02367
37.38197,-122.0356
37.38696,-122.0298
37.38501,-122.02416
37.38696,-122.0298
37.38588092,-122.02427977
37.38452715,-122.02933192
37.3842,-122.01827
37.38696,-122.0298
37.38518,-122.03038
37.38477072,-122.02881143
37.38213,-122.01894
37.3819573,-122.03003714
37.38696,-122.0298
37.38628875,-122.02496272
37.3778,-122.01808
37.37785713,-122.01825071
37.37845368,-122.01619807
37.38366839,-122.01810693
37.38369852,-122.01821759
37.37697071,-122.0166757
37.38696,-122.0298
37.38518,-122.03038
37.38425,-122.01853
37.38306214,-122.02055146
37.38532,-122.02426
37.38103,-122.02476
37.38696,-122.0298
37.38321,-122.03122
37.38256,-122.03155
37.38062524,-122.03271096
37.38200141,-122.0249014
37.38696,-122.0298
37.38592989,-122.02085569
37.38696,-122.0298
37.38208,-122.03092
37.38652,-122.0218
37.38376202,-122.03390229
37.38529,-122.01923
37.38425855,-122.02467808
37.38457,-122.02005
37.38518,-122.03038
37.38453,-122.03123
37.38696,-122.0298
37.3801,-122.03226
37.38253,-122.02925
37.38253,-122.02925
37.38029447,-122.02677839
37.38409881,-122.02565428
37.38253,-122.02925
37.37929,-122.02729
37.38253,-122.02925
37.38580334,-122.0271724
37.38293904,-122.02005137
37.37821652,-122.02708005
37.37842596,-122.02852022
37.38131142,-122.02752339
37.38146082,-122.02228085
37.38518,-122.03038
37.38148576,-122.02890116
37.38264712,-122.01853708
37.38815,-122.02851
37.38544,-122.01977
37.38321,-122.03122
37.38253,-122.02925
37.38436286,-122.02648815
37.38696,-122.0298
37.38518,-122.03038
37.38378999,-122.02269714
37.38457,-122.02005
37.38253,-122.02925
37.38696,-122.0298
37.38253,-122.02925
37.38696,-122.0298
37.38225132,-122.01874278
37.38029817,-122.03178377
37.38022309,-122.02664395
37.38208,-122.03092
37.38644416,-122.02120235
37.3838,-122.01858
37.38253,-122.02925
37.38548037,-122.02151127
37.38416,-122.01793
37.38652,-122.0218
37.38696,-122.0298
37.38518,-122.03038
37.38321,-122.03122
37.38696,-122.0298
37.38253,-122.02925
37.38253,-122.02925
37.37969,-122.0282
37.38489,-122.03133
37.384,-122.01912
37.38696,-122.0298
37.3802,-122.03268
37.38518,-122.03038
37.38544,-122.02483
37.38180046,-122.02399754
37.38518,-122.03038
37.38159,-122.03186
37.38696,-122.0298
37.38441,-122.02133
37.38624,-122.02072
37.38463618,-122.0249119
37.37525,-122.01624
37.38468,-122.03097
37.38036289,-122.03176521
37.38696,-122.0298
37.38395,-122.0189
37.38493,-122.03146
37.38349,-122.02434
37.38295,-122.03338606
37.38544,-122.01977
37.3854,-122.02464
37.38401595,-122.02314547
37.37971963,-122.03108026
37.37904881,-122.0282664
37.38442,-122.02554
37.38409,-122.01956
37.38159,-122.03168
37.38194,-122.03503
37.38702673,-122.02417295
37.38827,-122.03026
37.38338427,-122.02537069
37.38225318,-122.03225335
37.38253,-122.02925
37.37698691,-122.01718
37.38177775,-122.03022015
37.38023773,-122.0309187
37.38654122,-122.02404996
37.37908071,-122.02855272
37.38473,-122.01774
37.38462714,-122.02230691
37.38652,-122.0218
37.38253,-122.02925
37.37933357,-122.0284858
37.38696,-122.0298
37.38752763,-122.02545337
37.38321,-122.03122
37.38512201,-122.02165674
37.37888145,-122.01809713
37.38449,-122.01966
37.38906686,-122.02967379
37.38474,-122.01823
37.38095,-122.03135
37.38253,-122.02925
37.38844618,-122.02748595
37.38499,-122.03174
37.38655001,-122.02732522
37.38906686,-122.02967379
37.38321,-122.03122
37.38115428,-122.02297662
37.38696,-122.0298
37.38518,-122.03038
37.38696,-122.0298
37.38253,-122.02925
37.38132,-122.0306
37.38696,-122.0298
37.38696,-122.0298
37.38275703,-122.02105853
37.38696,-122.0298
37.38696,-122.0298
37.38414,-122.01978
37.37848179,-122.01929713
37.38518,-122.03038
37.38816784,-122.02664642
37.38696,-122.0298
37.38696,-122.0298
37.38163143,-122.02452644
37.38169,-122.03238
37.38518,-122.03038
37.38602994,-122.02249214
37.38719714,-122.02671918
37.38433,-122.02067
37.37953,-122.02704
37.38433,-122.02067
37.38696,-122.0298
37.38696,-122.0298
37.37930654,-122.0290273
37.38253,-122.02925
37.38448978,-122.02356275
37.37929,-122.02729
37.38333382,-122.01928859
37.38456713,-122.01776431
37.383685,-122.02146149
37.38381806,-122.01796287
37.37933643,-122.03072003
37.38038,-122.02846
37.38696,-122.0298
37.38470807,-122.02290357
37.37686859,-122.0183957
37.38208,-122.03092
37.37816571,-122.01777143
37.38544,-122.01977
37.38696,-122.0298
37.38474,-122.01823
37.38302357,-122.02100244
37.38270285,-122.01889141
37.38253,-122.02925
37.3833819,-122.02209147
37.38456713,-122.01776431
37.37929,-122.02729
37.3848,-122.0315
37.38208,-122.03092
37.38696,-122.0298
37.38518,-122.03038
37.3812123,-122.0234121
37.38169,-122.03238
37.38474,-122.01823
37.38218713,-122.03195039
37.37807858,-122.01746237
37.38397,-122.01834
37.38253,-122.02925
37.38256,-122.03155
37.38358145,-122.01911436
37.37974,-122.03064
37.38253,-122.02925
37.38019,-122.0286
37.38103,-122.03169
37.38279047,-122.01846233
37.38729428,-122.02792999
37.38209025,-122.03205471
37.38433,-122.02067
37.38518,-122.03038
37.38518,-122.03038
37.3766974,-122.01757677
37.38416,-122.01793
37.38330713,-122.01871855
37.38696,-122.0298
37.38435,-122.019
37.38317569,-122.01867218
37.38621431,-122.02416648
37.38208,-122.03092
37.38048473,-122.0265634
37.38558,-122.01877
37.38519,-122.01809
37.37944878,-122.02966473
37.37804926,-122.01908928
37.37929,-122.02729
37.37869068,-122.01868929
37.38529,-122.01923
37.38696,-122.0298
37.37865,-122.0285
37.38099286,-122.02705573
37.38696,-122.0298
37.38256,-122.03155
37.38518,-122.03038
37.37663354,-122.0188193
37.38529,-122.01923
37.38518,-122.03038
37.38263405,-122.0271149
37.38092,-122.03419
37.38092808,-122.02590425
37.38696,-122.0298
37.38490542,-122.03109983
37.38544,-122.01977
37.38321,-122.03122
37.38696,-122.0298
37.38256,-122.03155
37.38816,-122.0298
37.37998142,-122.03107116
37.38050805,-122.03146855
37.38321,-122.03122
37.37834003,-122.01879249
37.3848943,-122.02630719
37.38696,-122.0298
37.38321,-122.03122
37.37731426,-122.01879285
37.37809211,-122.01925357
37.37855963,-122.01819821
37.38213,-122.01894
37.38002142,-122.03053989
37.38071,-122.02793
37.38696,-122.0298
37.37920426,-122.01797643
37.38321,-122.03122
37.38633407,-122.02520223
37.38628523,-122.02875048
37.38781381,-122.02693949
37.38405785,-122.02374285
37.38519,-122.01809
37.38556713,-122.0281143
37.3860607,-122.02837997
37.38544,-122.01977
37.38513346,-122.02109725
37.38696,-122.0298
37.38570074,-122.02244221
37.38169,-122.03238
37.38113,-122.02523
37.38696,-122.0298
37.37772356,-122.01759071
37.38518,-122.03038
37.3842,-122.01827
37.38213751,-122.02728561
37.38103,-122.03098
37.38056,-122.03031
37.38299811,-122.02169434
37.37929,-122.02729
37.37941666,-122.02960465
37.38312666,-122.02234327
37.38518,-122.03038
37.38621524,-122.02703335
37.38253,-122.02925
37.3825657,-122.01972563
37.38519238,-122.02780473
37.38253,-122.02925
37.38696,-122.0298
37.38544,-122.01977
37.38253,-122.02925
37.38391048,-122.02478904
37.38078,-122.03051
37.37988092,-122.02931103
37.37861,-122.02838
37.38395,-122.0189
37.38696,-122.0298
37.38509,-122.02041
37.38696,-122.0298
37.38527,-122.02103
37.38813952,-122.02745237
37.38253,-122.02925
37.38696,-122.0298
37.38416,-122.01793
37.38209855,-122.02340254
37.38066659,-122.03236763
37.38256,-122.03155
37.37737286,-122.01653642
37.38528,-122.02823
37.38544,-122.01977
37.38433833,-122.02849569
37.38414,-122.01978
37.38208,-122.03092
37.38696,-122.0298
37.38477,-122.02052
37.38253,-122.02925
37.38333731,-122.03550838
37.37765502,-122.01886069
37.38696,-122.0298
37.38321,-122.03122
37.38518,-122.03038
37.38256,-122.03155
37.38253,-122.02925
37.38696,-122.0298
37.38696,-122.0298
37.38253,-122.02925
37.38696,-122.0298
37.38452,-122.03143
37.38606426,-122.0212386
37.38253,-122.02925
37.38696,-122.0298
37.38405,-122.01934
37.38518,-122.03038
37.38371761,-122.02033622
37.38497,-122.02573
37.38023,-122.03286
37.38132,-122.0306
37.37660855,-122.01682569
37.38518,-122.03038
37.38601039,-122.02423769
37.38250588,-122.03212125
37.37896855,-122.01681
37.37850712,-122.01785643
37.38796001,-122.02600426
37.3799905,-122.03183382
37.3874507,-122.02788285
37.38253,-122.02925
37.38217,-122.03631
37.38696,-122.0298
37.37584,-122.01448
37.38457,-122.02005
37.38518,-122.03038
37.37929,-122.02729
37.38233,-122.01854
37.38321,-122.03122
37.38253,-122.02925
37.38253,-122.02925
37.38253,-122.02925
37.38696,-122.0298
37.37891,-122.02884
37.38253,-122.02925
37.38321,-122.03122
37.38696,-122.0298
37.38601781,-122.02238364
37.38321,-122.03122
37.38491,-122.01875
37.38321,-122.03122
37.38549048,-122.02203661
37.38696,-122.0298
37.38696,-122.0298
37.38696,-122.0298
37.38518,-122.03038
37.38253,-122.02925
37.38491,-122.01875
37.38104,-122.02411
37.38696,-122.0298
37.37763143,-122.01866357
37.38019289,-122.03147193
37.38696,-122.0298
37.38692368,-122.02680264
37.38075495,-122.02008019
37.38287141,-122.0187579
37.38696,-122.0298
37.38696,-122.0298
37.38063333,-122.02319188
37.38104,-122.03594
37.38518,-122.03038
37.3803742,-122.02610568
37.38253,-122.02925
37.38321,-122.03122
37.3797,-122.03285
37.38696,-122.0298
37.38007843,-122.01951161
37.38200145,-122.02437431
37.38220005,-122.03206382
37.38253,-122.02925
37.38696,-122.0298
37.37951748,-122.03012245
37.38696,-122.0298
37.38458,-122.03121
37.38113,-122.03219
37.38466,-122.03091
37.37681751,-122.01806785
37.38696,-122.0298
37.38696,-122.0298
37.38321,-122.03122
37.38696,-122.0298
37.38431,-122.01878
37.38696,-122.0298
37.38583885,-122.02513103
37.37929,-122.02729
37.38733535,-122.02666918
37.38253,-122.02925
37.38423785,-122.02812283
37.38624,-122.02072
37.38696,-122.0298
37.38062858,-122.02721709
37.38713572,-122.02356245
37.38435,-122.019
37.38104,-122.02411
37.38518,-122.03038
37.38072,-122.03026
37.38418296,-122.0330701
37.38696,-122.0298
37.37774001,-122.01919498
37.38013999,-122.02795813
37.37848716,-122.02892471
37.38696,-122.0298
37.38696,-122.0298
37.38696,-122.0298
37.38132,-122.0306
37.38168,-122.02912
37.38253,-122.02925
37.38253,-122.02925
37.38529,-122.01923
37.38472,-122.03136
37.38321,-122.03122
37.38190713,-122.02441004
37.37896963,-122.03017876
37.38415571,-122.02772145
37.38321,-122.03122
37.38448237,-122.02715314
37.38256,-122.03155
37.38827,-122.03026
37.38282381,-122.01942957
37.38475285,-122.02707647
37.37726094,-122.01706383
37.38501,-122.03072
37.38090663,-122.02431028
37.38256,-122.03155
37.38116627,-122.02520554
37.3844,-122.01922
37.38562037,-122.02196519
37.38253,-122.02925
37.38696,-122.0298
37.38419,-122.02004
37.37942783,-122.01898
37.3797,-122.03285
37.38506,-122.01764
37.38441,-122.02133
37.37713498,-122.01662142
37.38544,-122.01977
37.38696,-122.0298
37.38339333,-122.02204483
37.38117,-122.03236
37.38518,-122.03038
37.37677215,-122.01789713
37.37929,-122.02729
37.37869286,-122.01708285
37.38696,-122.0298
37.37929,-122.02729
37.38405,-122.01934
37.38081,-122.03068
37.38572381,-122.02891145
37.37777286,-122.0193312
37.38696,-122.0298
37.38616617,-122.02242571
37.37895588,-122.02916182
37.38696,-122.0298
37.38696,-122.0298
37.38248,-122.02093
37.38461,-122.03157
37.38268,-122.02189
37.37642,-122.018
37.38445,-122.01944
37.38253,-122.02925
37.3847057,-122.0357714
37.38518334,-122.02622766
37.38713111,-122.02470459
37.38696,-122.0298
37.38431,-122.01878
37.38095,-122.03135
37.38017885,-122.02986164
37.38321,-122.03122
37.38696,-122.0298
37.38618285,-122.02130924
37.37750573,-122.01818428
37.38253,-122.02925
37.38441,-122.02133
37.3845,-122.031
37.38544,-122.01977
37.38449,-122.01966
37.38529,-122.01923
37.38710715,-122.0284543
37.3844,-122.01922
37.38696,-122.0298
37.38695907,-122.02630134
37.38253,-122.02925
37.37929,-122.02729
37.38434617,-122.02721361
37.38529,-122.01923
37.38696,-122.0298
37.38122,-122.03199
37.38007224,-122.02880481
37.38696,-122.0298
37.38529,-122.01923
37.38529,-122.01923
37.37929,-122.02729
37.38696,-122.0298
37.38132,-122.0306
37.38119,-122.02946
37.37702986,-122.01744048
37.38524476,-122.02031527
37.38253,-122.02925
37.38696,-122.0298
37.38518,-122.03038
37.37863216,-122.0169257
37.38253,-122.02925
37.38104426,-122.02667001
37.38474,-122.01823
37.38496,-122.01894
37.38253,-122.02925
37.37800239,-122.01713808
37.38095,-122.03135
37.38332476,-122.01834563
37.38321,-122.03122
37.38679786,-122.02772429
37.38529,-122.01923
37.38169,-122.03238
37.38414,-122.01978
37.38696,-122.0298
37.38355358,-122.02391284
37.38634765,-122.02226337
37.38253,-122.02925
37.38206025,-122.03193471
37.3801,-122.03226
37.38431,-122.01878
37.37821001,-122.0181357
37.38531808,-122.02907619
37.38696,-122.0298
37.38518,-122.03038
37.37929,-122.02729
37.38154833,-122.02343751
37.38410704,-122.03358106
37.38696,-122.0298
37.38652,-122.0218
37.38613852,-122.0202185
37.38084,-122.02791
37.37736573,-122.01752141
37.38518,-122.03038
37.37862463,-122.01852857
37.37911691,-122.02965687
37.38476,-122.03152
37.38126748,-122.02411543
37.38696,-122.0298
37.38518,-122.03038
37.38279761,-122.02014087
37.38137,-122.03255
37.38314239,-122.02117183
37.38253,-122.02925
37.38341095,-122.02154721
37.38321,-122.03122
37.38419,-122.02004
37.38696,-122.0298
37.38696,-122.0298
37.38518,-122.03038
37.38260334,-122.01841906
37.38256,-122.03155
37.38037614,-122.0207255
37.38696,-122.0298
37.38518,-122.03038
37.38518,-122.03038
37.38544,-122.01977
37.38286858,-122.02168628
37.38825,-122.02938
37.38696,-122.0298
37.38405,-122.01934
37.38256,-122.03155
37.38437071,-122.02808354
37.38256,-122.03155
37.38580324,-122.02429919
37.38321,-122.03122
37.38188388,-122.02348611
37.38248632,-122.02520822
37.38105,-122.02906
37.38293763,-122.02315142
37.38696,-122.0298
37.38121,-122.02919
37.38036613,-122.02633619
37.38518,-122.03038
37.37969,-122.0282
37.38213,-122.01894
37.38525,-122.0253
37.38333855,-122.02049073
37.38544,-122.01977
37.38145,-122.03119
37.38696,-122.0298
37.38095,-122.03135
37.38696,-122.0298
37.38134998,-122.02513496
37.38505,-122.03104
37.38527,-122.02103
